{"event_specific_brier_scores": [{"event": 1, "time": [1.0, 40.89, 80.79, 120.68, 160.58, 200.47, 240.37, 280.26, 320.16, 360.05, 399.95, 439.84, 479.74, 519.63, 559.53, 599.42, 639.32, 679.21, 719.11, 759.0], "mean_brier_scores": [0.0082, 0.1906, 0.1261, 0.1357, 0.1437, 0.1582, 0.1617, 0.1661, 0.1682, 0.1744, 0.1873, 0.1705, 0.1657, 0.1641, 0.1677, 0.1567, 0.1492, 0.145, 0.1573, 0.0031], "std_brier_scores": [0.0001, 0.0005, 0.0004, 0.0004, 0.0005, 0.0004, 0.0007, 0.0006, 0.0004, 0.0007, 0.0015, 0.0012, 0.0014, 0.0018, 0.002, 0.0024, 0.0019, 0.0016, 0.0016, 0.0005]}], "event_specific_ibs": [{"event": 1, "mean_ibs": 0.1523, "std_ibs": 0.0007}], "c_index": [{"time_quantile": 0.25, "event": [1], "mean_c_index": [0.8632], "std_c_index": [0.002]}, {"time_quantile": 0.5, "event": [1], "mean_c_index": [0.8003], "std_c_index": [0.0043]}, {"time_quantile": 0.75, "event": [1], "mean_c_index": [0.6932], "std_c_index": [0.0386]}], "mean_censlog": 1.6211, "std_cenlog": 0.0093, "mean_auc": 0.9397330443834848, "std_auc": 0.0051700344201582255, "mean_mse": 113033.55400903278, "std_mse": 593.1223036607844, "mean_mae": 245.66849063445977, "std_mae": 0.5011195584978128, "mean_one_calibration": 0.0, "std_one_calibration": 0.0, "mean_d_calibration": 1.2221360909366733e-189, "std_d_calibration": 0.0, "mean_km_calibration": 0.0025627114034636397, "std_km_calibration": 0.0001012649656374138, "mean_x_calibration": 0.00922187646345264, "std_x_calibration": 0.0001501559970708429, "mean_fit_time": 523.92, "std_fit_time": 2.17, "mean_predict_time": 25.95, "std_predict_time": 1.15, "is_competing_risk": false, "n_events": 1, "n_rows": 100000, "n_cols": 16, "censoring_rate": 0.34669}