{"event_specific_brier_scores": [{"event": 1, "time": [0.1, 17.09, 34.07, 51.06, 68.04, 85.03, 102.02, 119.0, 135.99, 152.97, 169.96, 186.95, 203.93, 220.92, 237.9, 254.89, 271.88, 288.86, 305.85, 322.83], "mean_brier_scores": [0.0037, 0.0378, 0.0952, 0.1491, 0.1771, 0.2061, 0.2244, 0.2321, 0.2373, 0.2366, 0.2287, 0.2273, 0.2129, 0.1959, 0.1859, 0.1662, 0.1777, 0.1379, 0.1084, 0.0109], "std_brier_scores": [0.0019, 0.0056, 0.0011, 0.0031, 0.0009, 0.0031, 0.0058, 0.0037, 0.0034, 0.0053, 0.0041, 0.0031, 0.004, 0.0073, 0.0129, 0.0302, 0.0493, 0.0292, 0.0511, 0.0047]}], "event_specific_ibs": [{"event": 1, "mean_ibs": 0.1707, "std_ibs": 0.0086}], "c_index": [{"time_quantile": 0.25, "event": [1], "mean_c_index": [0.6559], "std_c_index": [0.0123]}, {"time_quantile": 0.5, "event": [1], "mean_c_index": [0.5918], "std_c_index": [0.0236]}, {"time_quantile": 0.75, "event": [1], "mean_c_index": [0.6036], "std_c_index": [0.0226]}], "mean_censlog": 2.0391, "std_cenlog": 0.0208, "mean_auc": 0.6736697866094842, "std_auc": 0.025605031418506646, "mean_mse": 16229.143774316586, "std_mse": 1644.9659252869099, "mean_mae": 98.4714177536999, "std_mae": 2.338771423244385, "mean_one_calibration": 0.0003688748410747289, "std_one_calibration": 0.0005081471700500554, "mean_d_calibration": 9.978035287614326e-08, "std_d_calibration": 9.953324609102642e-08, "mean_km_calibration": 0.002323162332553502, "std_km_calibration": 0.00099716350307073, "mean_x_calibration": 0.010060719847670818, "std_x_calibration": 0.0019522712009135963, "mean_fit_time": 2.47, "std_fit_time": 1.44, "mean_predict_time": 0.03, "std_predict_time": 0.02, "is_competing_risk": false, "n_events": 1, "n_rows": 1332, "n_cols": 9, "censoring_rate": 0.42042042042042044}