{"event_specific_brier_scores": [{"event": 1, "time": [1.23, 18.91, 36.58, 54.25, 71.93, 89.6, 107.28, 124.95, 142.62, 160.3, 177.97, 195.64, 213.32, 230.99, 248.66, 266.34, 284.01, 301.69, 319.36, 337.03], "mean_brier_scores": [0.1484, 0.1671, 0.2067, 0.239, 0.2987, 0.3566, 0.3523, 0.349, 0.3445, 0.3461, 0.3492, 0.3566, 0.3519, 0.3324, 0.3362, 0.3241, 0.3069, 0.185, 0.2011, 0.0021], "std_brier_scores": [0.2149, 0.1955, 0.1546, 0.1132, 0.102, 0.1514, 0.1279, 0.1102, 0.1006, 0.1093, 0.1208, 0.1318, 0.1505, 0.1739, 0.1898, 0.2053, 0.2397, 0.0554, 0.1249, 0.0042]}], "event_specific_ibs": [{"event": 1, "mean_ibs": 0.2883, "std_ibs": 0.0809}], "c_index": [{"time_quantile": 0.25, "event": [1], "mean_c_index": [0.5391], "std_c_index": [0.0753]}, {"time_quantile": 0.5, "event": [1], "mean_c_index": [0.5455], "std_c_index": [0.0622]}, {"time_quantile": 0.75, "event": [1], "mean_c_index": [0.5665], "std_c_index": [0.0825]}], "mean_censlog": 5.2956, "std_cenlog": 1.8109, "mean_d_calibration": 3.0291168759792465e-10, "std_d_calibration": 6.058233751958493e-10, "mean_mse": 28840.292156468542, "std_mse": 10860.343321172995, "mean_mae": 136.03654343247817, "std_mae": 29.53349748528103, "mean_fit_time": 0.2, "std_fit_time": 0.35, "mean_predict_time": 0.02, "std_predict_time": 0.0, "is_competing_risk": false, "n_events": 1, "n_rows": 1332, "n_cols": 9, "censoring_rate": 0.42042042042042044}