{"event_specific_brier_scores": [{"event": 1, "time": [3.0, 109.63, 216.26, 322.89, 429.53, 536.16, 642.79, 749.42, 856.05, 962.68, 1069.32, 1175.95, 1282.58, 1389.21, 1495.84, 1602.47, 1709.11, 1815.74, 1922.37, 2029.0], "mean_brier_scores": [0.0156, 0.2725, 0.2464, 0.2443, 0.2391, 0.2339, 0.2296, 0.2254, 0.2202, 0.216, 0.2115, 0.2054, 0.2016, 0.197, 0.1945, 0.1958, 0.1975, 0.1911, 0.183, 0.005], "std_brier_scores": [0.0022, 0.0062, 0.0032, 0.0039, 0.0045, 0.0064, 0.0047, 0.0054, 0.0036, 0.0025, 0.0039, 0.004, 0.0032, 0.0051, 0.0091, 0.0113, 0.0124, 0.0121, 0.0154, 0.0009]}], "event_specific_ibs": [{"event": 1, "mean_ibs": 0.2061, "std_ibs": 0.0058}], "c_index": [{"time_quantile": 0.25, "event": [1], "mean_c_index": [0.5546], "std_c_index": [0.0158]}, {"time_quantile": 0.5, "event": [1], "mean_c_index": [0.5575], "std_c_index": [0.0163]}, {"time_quantile": 0.75, "event": [1], "mean_c_index": [0.56], "std_c_index": [0.0196]}], "mean_censlog": 1.771, "std_cenlog": 0.0298, "mean_auc": 0.6060922709960616, "std_auc": 0.03213066650496154, "mean_mse": 1416882.1525407012, "std_mse": 33011.41706539576, "mean_mae": 898.3759497683453, "std_mae": 14.047951300364437, "mean_one_calibration": 1.1924435704043408e-06, "std_one_calibration": 1.6846835596137962e-06, "mean_d_calibration": 3.6759679700007672e-298, "std_d_calibration": 0.0, "mean_km_calibration": 0.003915065018353432, "std_km_calibration": 0.0008421047842311857, "mean_x_calibration": 0.056377411688589146, "std_x_calibration": 0.0027560505255558084, "mean_fit_time": 16.05, "std_fit_time": 9.33, "mean_predict_time": 0.08, "std_predict_time": 0.0, "is_competing_risk": false, "n_events": 1, "n_rows": 6211, "n_cols": 14, "censoring_rate": 0.31975527290291417}