{"event_specific_brier_scores": [{"event": 1, "time": [1.23, 18.91, 36.58, 54.25, 71.93, 89.6, 107.28, 124.95, 142.62, 160.3, 177.97, 195.64, 213.32, 230.99, 248.66, 266.34, 284.01, 301.69, 319.36, 337.03], "mean_brier_scores": [0.0052, 0.0359, 0.0981, 0.1485, 0.1756, 0.1993, 0.2125, 0.2168, 0.2238, 0.2228, 0.2135, 0.2082, 0.1958, 0.1745, 0.1711, 0.1754, 0.1744, 0.1518, 0.1829, 0.0113], "std_brier_scores": [0.0009, 0.0055, 0.0073, 0.0033, 0.0033, 0.0053, 0.0058, 0.0074, 0.0085, 0.0068, 0.0077, 0.0112, 0.0087, 0.0155, 0.0057, 0.0329, 0.0514, 0.0386, 0.1213, 0.0029]}], "event_specific_ibs": [{"event": 1, "mean_ibs": 0.1679, "std_ibs": 0.0116}], "c_index": [{"time_quantile": 0.25, "event": [1], "mean_c_index": [0.6685], "std_c_index": [0.0099]}, {"time_quantile": 0.5, "event": [1], "mean_c_index": [0.6374], "std_c_index": [0.0106]}, {"time_quantile": 0.75, "event": [1], "mean_c_index": [0.6159], "std_c_index": [0.0082]}], "mean_censlog": 2.0269, "std_cenlog": 0.0284, "mean_auc": 0.6992617875598015, "std_auc": 0.01697779021860231, "mean_mse": 14208.056249451993, "std_mse": 1762.813615740145, "mean_mae": 91.50735151471113, "std_mae": 2.730424729484911, "mean_one_calibration": 0.19354763639019051, "std_one_calibration": 0.15921375093645204, "mean_d_calibration": 0.04699530088948717, "std_d_calibration": 0.07149821242063595, "mean_km_calibration": 0.001518807611174113, "std_km_calibration": 0.0003000435391291487, "mean_x_calibration": 0.005056528841130725, "std_x_calibration": 0.002466872469186967, "mean_fit_time": 2.32, "std_fit_time": 0.53, "mean_predict_time": 0.1, "std_predict_time": 0.03, "is_competing_risk": false, "n_events": 1, "n_rows": 1332, "n_cols": 9, "censoring_rate": 0.42042042042042044}