{"event_specific_brier_scores": [{"event": 1, "time": [1.23, 18.91, 36.58, 54.25, 71.93, 89.6, 107.28, 124.95, 142.62, 160.3, 177.97, 195.64, 213.32, 230.99, 248.66, 266.34, 284.01, 301.69, 319.36, 337.03], "mean_brier_scores": [0.0325, 0.0578, 0.115, 0.1611, 0.1852, 0.2051, 0.2164, 0.2215, 0.2263, 0.2257, 0.2188, 0.2139, 0.2036, 0.1839, 0.1796, 0.1791, 0.1733, 0.1506, 0.1736, 0.0494], "std_brier_scores": [0.0028, 0.0042, 0.0058, 0.0038, 0.0032, 0.0053, 0.0048, 0.0057, 0.0071, 0.0064, 0.007, 0.0098, 0.0071, 0.0131, 0.0054, 0.0234, 0.0418, 0.0298, 0.0923, 0.0132]}], "event_specific_ibs": [{"event": 1, "mean_ibs": 0.1753, "std_ibs": 0.0089}], "c_index": [{"time_quantile": 0.25, "event": [1], "mean_c_index": [0.6734], "std_c_index": [0.0104]}, {"time_quantile": 0.5, "event": [1], "mean_c_index": [0.6422], "std_c_index": [0.0075]}, {"time_quantile": 0.75, "event": [1], "mean_c_index": [0.6271], "std_c_index": [0.0033]}], "mean_censlog": 2.2, "std_cenlog": 0.026, "mean_auc": 0.7017509169833618, "std_auc": 0.014737973638262411, "mean_mse": 14122.70123013758, "std_mse": 1718.6861562186557, "mean_mae": 91.21639903058482, "std_mae": 2.36711280511444, "mean_one_calibration": 0.005892887314881579, "std_one_calibration": 0.010144030176774566, "mean_d_calibration": 5.61350635369811e-21, "std_d_calibration": 1.1205262368454573e-20, "mean_km_calibration": 0.007897817367945672, "std_km_calibration": 0.00038739906240331913, "mean_x_calibration": 0.02527538291955638, "std_x_calibration": 0.004929290071394647, "mean_fit_time": 1.81, "std_fit_time": 0.06, "mean_predict_time": 0.09, "std_predict_time": 0.02, "is_competing_risk": false, "n_events": 1, "n_rows": 1332, "n_cols": 9, "censoring_rate": 0.42042042042042044}