{"event_specific_brier_scores": [{"event": 1, "time": [3.0, 109.63, 216.26, 322.89, 429.53, 536.16, 642.79, 749.42, 856.05, 962.68, 1069.32, 1175.95, 1282.58, 1389.21, 1495.84, 1602.47, 1709.11, 1815.74, 1922.37, 2029.0], "mean_brier_scores": [0.0148, 0.2274, 0.2295, 0.2249, 0.2173, 0.2116, 0.2051, 0.201, 0.196, 0.1906, 0.183, 0.1775, 0.1747, 0.1701, 0.1672, 0.1657, 0.1677, 0.1704, 0.1559, 0.005], "std_brier_scores": [0.0018, 0.0035, 0.0023, 0.0018, 0.0024, 0.0032, 0.0027, 0.0048, 0.005, 0.0049, 0.0067, 0.0067, 0.0068, 0.0073, 0.0109, 0.0144, 0.0136, 0.0121, 0.0167, 0.0029]}], "event_specific_ibs": [{"event": 1, "mean_ibs": 0.1814, "std_ibs": 0.0049}], "c_index": [{"time_quantile": 0.25, "event": [1], "mean_c_index": [0.6165], "std_c_index": [0.0052]}, {"time_quantile": 0.5, "event": [1], "mean_c_index": [0.6159], "std_c_index": [0.0044]}, {"time_quantile": 0.75, "event": [1], "mean_c_index": [0.6138], "std_c_index": [0.0044]}], "mean_censlog": 1.5692, "std_cenlog": 0.0239, "mean_auc": 0.6703680365764123, "std_auc": 0.008550409119981306, "mean_mse": 1216995.5444888757, "std_mse": 34370.625809205834, "mean_mae": 827.1672144368455, "std_mae": 12.230868132636202, "mean_one_calibration": 0.18970532937723655, "std_one_calibration": 0.34131771055552435, "mean_d_calibration": 3.3884526457105274e-134, "std_d_calibration": 3.790217756648003e-134, "mean_km_calibration": 0.0017726947667109523, "std_km_calibration": 0.0002833333588605981, "mean_x_calibration": 0.025745460121964076, "std_x_calibration": 0.0020010807343244065, "mean_fit_time": 8.35, "std_fit_time": 0.94, "mean_predict_time": 0.14, "std_predict_time": 0.01, "is_competing_risk": false, "n_events": 1, "n_rows": 6211, "n_cols": 14, "censoring_rate": 0.31975527290291417}