{"event_specific_brier_scores": [{"event": 1, "time": [3.0, 109.63, 216.26, 322.89, 429.53, 536.16, 642.79, 749.42, 856.05, 962.68, 1069.32, 1175.95, 1282.58, 1389.21, 1495.84, 1602.47, 1709.11, 1815.74, 1922.37, 2029.0], "mean_brier_scores": [0.0149, 0.2272, 0.2293, 0.2246, 0.2171, 0.2114, 0.2052, 0.2012, 0.1964, 0.1906, 0.184, 0.1779, 0.176, 0.171, 0.1687, 0.1685, 0.1725, 0.176, 0.1601, 0.007], "std_brier_scores": [0.0019, 0.0036, 0.002, 0.002, 0.0024, 0.0032, 0.0029, 0.005, 0.0048, 0.0047, 0.006, 0.0061, 0.0067, 0.007, 0.0115, 0.0157, 0.0131, 0.0118, 0.0116, 0.0019]}], "event_specific_ibs": [{"event": 1, "mean_ibs": 0.1826, "std_ibs": 0.0043}], "c_index": [{"time_quantile": 0.25, "event": [1], "mean_c_index": [0.6176], "std_c_index": [0.0053]}, {"time_quantile": 0.5, "event": [1], "mean_c_index": [0.6139], "std_c_index": [0.0043]}, {"time_quantile": 0.75, "event": [1], "mean_c_index": [0.6065], "std_c_index": [0.0052]}], "mean_censlog": 1.5285, "std_cenlog": 0.0175, "mean_d_calibration": 6.259100651667348e-132, "std_d_calibration": 1.2518201303334698e-131, "mean_mse": 1213904.245431132, "std_mse": 29971.108145006787, "mean_mae": 828.2228246397633, "std_mae": 11.386638978544815, "mean_fit_time": 4.19, "std_fit_time": 0.07, "mean_predict_time": 0.13, "std_predict_time": 0.0, "is_competing_risk": false, "n_events": 1, "n_rows": 6211, "n_cols": 14, "censoring_rate": 0.31975527290291417}