{"event_specific_brier_scores": [{"event": 1, "time": [1.0, 40.89, 80.79, 120.68, 160.58, 200.47, 240.37, 280.26, 320.16, 360.05, 399.95, 439.84, 479.74, 519.63, 559.53, 599.42, 639.32, 679.21, 719.11, 759.0], "mean_brier_scores": [0.0082, 0.1282, 0.079, 0.0882, 0.0931, 0.1061, 0.1069, 0.1131, 0.1145, 0.1185, 0.1282, 0.1273, 0.1233, 0.1227, 0.1224, 0.1282, 0.1217, 0.1173, 0.1136, 0.047], "std_brier_scores": [0.0, 0.0, 0.0, 0.0001, 0.0001, 0.0, 0.0, 0.0, 0.0001, 0.0002, 0.0005, 0.0005, 0.0002, 0.0, 0.0002, 0.0005, 0.0, 0.0006, 0.0001, 0.0001]}], "event_specific_ibs": [{"event": 1, "mean_ibs": 0.1095, "std_ibs": 0.0001}], "c_index": [{"time_quantile": 0.25, "event": [1], "mean_c_index": [0.8952], "std_c_index": [0.0026]}, {"time_quantile": 0.5, "event": [1], "mean_c_index": [0.8686], "std_c_index": [0.0034]}, {"time_quantile": 0.75, "event": [1], "mean_c_index": [0.8357], "std_c_index": [0.0026]}], "mean_censlog": 1.3069, "std_cenlog": 0.0002, "mean_auc": 0.9431133978523866, "std_auc": 0.00458639207958545, "mean_mse": 100153.01038382611, "std_mse": 1925.1875335250413, "mean_mae": 213.50643841906108, "std_mae": 3.201151818670971, "mean_one_calibration": 9.855079715255972e-14, "std_one_calibration": 1.3937187391582977e-13, "mean_d_calibration": 0.0, "std_d_calibration": 0.0, "mean_km_calibration": 0.0014057523294860642, "std_km_calibration": 1.7145056687196903e-06, "mean_x_calibration": 0.02378993907246683, "std_x_calibration": 4.952186656273729e-05, "mean_fit_time": 219.94, "std_fit_time": 1.63, "mean_predict_time": 24.8, "std_predict_time": 0.31, "is_competing_risk": false, "n_events": 1, "n_rows": 100000, "n_cols": 16, "censoring_rate": 0.34669}