{"event_specific_brier_scores": [{"event": 1, "time": [0.1, 17.09, 34.07, 51.06, 68.04, 85.03, 102.02, 119.0, 135.99, 152.97, 169.96, 186.95, 203.93, 220.92, 237.9, 254.89, 271.88, 288.86, 305.85, 322.83], "mean_brier_scores": [0.0007, 0.0357, 0.0996, 0.1489, 0.1775, 0.2029, 0.2183, 0.2229, 0.2274, 0.228, 0.2174, 0.2125, 0.1962, 0.1751, 0.1705, 0.1686, 0.1548, 0.1479, 0.1891, 0.0175], "std_brier_scores": [0.0008, 0.0065, 0.0074, 0.006, 0.006, 0.0083, 0.0079, 0.0104, 0.0097, 0.0101, 0.0118, 0.0176, 0.014, 0.0186, 0.0088, 0.0248, 0.0406, 0.0393, 0.1213, 0.0066]}], "event_specific_ibs": [{"event": 1, "mean_ibs": 0.1685, "std_ibs": 0.011}], "c_index": [{"time_quantile": 0.25, "event": [1], "mean_c_index": [0.6633], "std_c_index": [0.0145]}, {"time_quantile": 0.5, "event": [1], "mean_c_index": [0.6356], "std_c_index": [0.0112]}, {"time_quantile": 0.75, "event": [1], "mean_c_index": [0.6342], "std_c_index": [0.0034]}], "mean_censlog": 1.9796, "std_cenlog": 0.0124, "mean_auc": 0.6871242420025816, "std_auc": 0.017252994810564217, "mean_mse": 15374.237821319224, "std_mse": 2134.538462914223, "mean_mae": 93.30810586303241, "std_mae": 3.17886015104187, "mean_one_calibration": 0.08079553688778388, "std_one_calibration": 0.08553077819858436, "mean_d_calibration": 0.41040328365292317, "std_d_calibration": 0.29638515174936114, "mean_km_calibration": 0.0007133028969878231, "std_km_calibration": 0.00021966460414014416, "mean_x_calibration": 0.0017281891666113605, "std_x_calibration": 0.000640522982950642, "mean_fit_time": 2.5, "std_fit_time": 1.01, "mean_predict_time": 0.02, "std_predict_time": 0.0, "is_competing_risk": false, "n_events": 1, "n_rows": 1332, "n_cols": 9, "censoring_rate": 0.42042042042042044}