{"event_specific_brier_scores": [{"event": 1, "time": [3.0, 109.47, 215.95, 322.42, 428.89, 535.37, 641.84, 748.32, 854.79, 961.26, 1067.74, 1174.21, 1280.68, 1387.16, 1493.63, 1600.11, 1706.58, 1813.05, 1919.53, 2026.0], "mean_brier_scores": [0.0149, 0.2471, 0.2358, 0.231, 0.2237, 0.2173, 0.2113, 0.207, 0.2024, 0.1971, 0.1901, 0.1837, 0.1803, 0.1746, 0.1707, 0.1685, 0.1692, 0.1661, 0.1467, 0.0341], "std_brier_scores": [0.0019, 0.0059, 0.0032, 0.002, 0.003, 0.0032, 0.0036, 0.0056, 0.006, 0.0061, 0.0074, 0.0063, 0.0065, 0.0058, 0.0088, 0.0111, 0.0108, 0.0078, 0.0124, 0.0046]}], "event_specific_ibs": [{"event": 1, "mean_ibs": 0.1867, "std_ibs": 0.0036}], "c_index": [{"time_quantile": 0.25, "event": [1], "mean_c_index": [0.6121], "std_c_index": [0.0052]}, {"time_quantile": 0.5, "event": [1], "mean_c_index": [0.6077], "std_c_index": [0.0047]}, {"time_quantile": 0.75, "event": [1], "mean_c_index": [0.6054], "std_c_index": [0.0044]}], "mean_censlog": 1.673, "std_cenlog": 0.0236, "mean_auc": 0.6577727025131945, "std_auc": 0.007367763444647133, "mean_mse": 1317674.7970735221, "std_mse": 27353.94518245796, "mean_mae": 843.0012657210933, "std_mae": 8.778148619879044, "mean_one_calibration": 0.002028692332995896, "std_one_calibration": 0.0040283460167535685, "mean_d_calibration": 4.6485836746166425e-255, "std_d_calibration": 0.0, "mean_km_calibration": 0.003502954886522862, "std_km_calibration": 0.0009016976141150042, "mean_x_calibration": 0.048738656103255736, "std_x_calibration": 0.003365438501768839, "mean_fit_time": 1.29, "std_fit_time": 0.43, "mean_predict_time": 0.08, "std_predict_time": 0.0, "is_competing_risk": false, "n_events": 1, "n_rows": 6211, "n_cols": 14, "censoring_rate": 0.31975527290291417}