{
  "event_specific_brier_scores": [
    {
      "event": 1,
      "time": [
        1.23, 18.91, 36.58, 54.25, 71.93, 89.6, 107.28, 124.95, 142.62, 160.3,
        177.97, 195.64, 213.32, 230.99, 248.66, 266.34, 284.01, 301.69, 319.36,
        337.03
      ],
      "mean_brier_scores": [
        0.0008, 0.0352, 0.099, 0.1512, 0.1788, 0.2049, 0.2196, 0.2241, 0.2284,
        0.2266, 0.2174, 0.2142, 0.2018, 0.18, 0.1781, 0.1832, 0.1757, 0.1523,
        0.1876, 0.0075
      ],
      "std_brier_scores": [
        0.0009, 0.0058, 0.0063, 0.0058, 0.0055, 0.008, 0.0093, 0.0081, 0.0087,
        0.0087, 0.0104, 0.0157, 0.0119, 0.0183, 0.0099, 0.0332, 0.0513, 0.0423,
        0.1234, 0.0032
      ]
    }
  ],
  "event_specific_ibs": [{ "event": 1, "mean_ibs": 0.1717, "std_ibs": 0.0102 }],
  "c_index": [
    {
      "time_quantile": 0.25,
      "event": [1],
      "mean_c_index": [0.657],
      "std_c_index": [0.0185]
    },
    {
      "time_quantile": 0.5,
      "event": [1],
      "mean_c_index": [0.6308],
      "std_c_index": [0.0139]
    },
    {
      "time_quantile": 0.75,
      "event": [1],
      "mean_c_index": [0.6283],
      "std_c_index": [0.0064]
    }
  ],
  "mean_censlog": 1.9758,
  "std_cenlog": 0.016,
  "mean_auc": 0.6792844028374359,
  "std_auc": 0.025707032055331737,
  "mean_mse": 14904.38102690603,
  "std_mse": 1962.5842036200506,
  "mean_mae": 93.5162338997847,
  "std_mae": 3.2380644432454213,
  "mean_one_calibration": 0.13881722570713312,
  "std_one_calibration": 0.10876750265950386,
  "mean_d_calibration": 0.3118355659328268,
  "std_d_calibration": 0.39099364980178014,
  "mean_km_calibration": 0.0012006051402718837,
  "std_km_calibration": 0.0002081215150452334,
  "mean_x_calibration": 0.002635006691052218,
  "std_x_calibration": 0.001580217389267519,
  "mean_fit_time": 0.12,
  "std_fit_time": 0.03,
  "mean_predict_time": 0.02,
  "std_predict_time": 0.0,
  "is_competing_risk": false,
  "n_events": 1,
  "n_rows": 1332,
  "n_cols": 9,
  "censoring_rate": 0.42042042042042044
}
