{
  "event_specific_brier_scores": [
    {
      "event": 1,
      "time": [
        3.0, 109.63, 216.26, 322.89, 429.53, 536.16, 642.79, 749.42, 856.05,
        962.68, 1069.32, 1175.95, 1282.58, 1389.21, 1495.84, 1602.47, 1709.11,
        1815.74, 1922.37, 2029.0
      ],
      "mean_brier_scores": [
        0.2348, 0.2357, 0.2331, 0.228, 0.2206, 0.2146, 0.2089, 0.2048, 0.2003,
        0.1946, 0.1876, 0.182, 0.1794, 0.1747, 0.1717, 0.1702, 0.171, 0.1688,
        0.1522, 0.0371
      ],
      "std_brier_scores": [
        0.0074, 0.0043, 0.0028, 0.0034, 0.0041, 0.0042, 0.0038, 0.0057, 0.0055,
        0.0048, 0.0054, 0.0052, 0.0055, 0.0066, 0.0103, 0.0128, 0.0114, 0.008,
        0.0125, 0.0031
      ]
    }
  ],
  "event_specific_ibs": [{ "event": 1, "mean_ibs": 0.1913, "std_ibs": 0.004 }],
  "c_index": [
    {
      "time_quantile": 0.25,
      "event": [1],
      "mean_c_index": [0.615],
      "std_c_index": [0.004]
    },
    {
      "time_quantile": 0.5,
      "event": [1],
      "mean_c_index": [0.6136],
      "std_c_index": [0.0035]
    },
    {
      "time_quantile": 0.75,
      "event": [1],
      "mean_c_index": [0.6133],
      "std_c_index": [0.0039]
    }
  ],
  "mean_censlog": 2.7447,
  "std_cenlog": 0.0404,
  "mean_auc": 0.6636714689766129,
  "std_auc": 0.006160829022573056,
  "mean_mse": 1306468.6431345465,
  "std_mse": 27808.805261735866,
  "mean_mae": 847.6321863155679,
  "std_mae": 8.309516782867489,
  "mean_one_calibration": 0.027001169161888706,
  "std_one_calibration": 0.02029848712241475,
  "mean_d_calibration": 2.0928512671682402e-123,
  "std_d_calibration": 4.1857025343364804e-123,
  "mean_km_calibration": 0.0019623694434289024,
  "std_km_calibration": 0.0001779133076073565,
  "mean_x_calibration": 0.030812215174973588,
  "std_x_calibration": 0.0043540672265654735,
  "mean_fit_time": 0.11,
  "std_fit_time": 0.02,
  "mean_predict_time": 0.05,
  "std_predict_time": 0.0,
  "is_competing_risk": false,
  "n_events": 1,
  "n_rows": 6211,
  "n_cols": 14,
  "censoring_rate": 0.31975527290291417
}
