{"event_specific_brier_scores": [{"event": 1, "time": [1.0, 40.89, 80.79, 120.68, 160.58, 200.47, 240.37, 280.26, 320.16, 360.05, 399.95, 439.84, 479.74, 519.63, 559.53, 599.42, 639.32, 679.21, 719.11, 759.0], "mean_brier_scores": [0.0082, 0.2347, 0.2433, 0.2473, 0.2489, 0.2495, 0.2492, 0.248, 0.2462, 0.2439, 0.2382, 0.2165, 0.21, 0.2052, 0.2008, 0.1949, 0.188, 0.1825, 0.1776, 0.0385], "std_brier_scores": [0.0, 0.0003, 0.0002, 0.0004, 0.0003, 0.0009, 0.0009, 0.0011, 0.0009, 0.0011, 0.0014, 0.0016, 0.0012, 0.0008, 0.0016, 0.0012, 0.0005, 0.0009, 0.0012, 0.0004]}], "event_specific_ibs": [{"event": 1, "mean_ibs": 0.2131, "std_ibs": 0.0007}], "c_index": [{"time_quantile": 0.25, "event": [1], "mean_c_index": [0.5], "std_c_index": [0.0]}, {"time_quantile": 0.5, "event": [1], "mean_c_index": [0.5], "std_c_index": [0.0]}, {"time_quantile": 0.75, "event": [1], "mean_c_index": [0.5], "std_c_index": [0.0]}], "mean_censlog": 1.7123, "std_cenlog": 0.0015, "mean_auc": 0.5, "std_auc": 0.0, "mean_mse": 177438.29938572636, "std_mse": 2249.9666376774203, "mean_mae": 345.3428773705961, "std_mae": 1.2004442192459486, "mean_one_calibration": 0.08054088485542236, "std_one_calibration": 0.11351419454041263, "mean_d_calibration": 0.0, "std_d_calibration": 0.0, "mean_km_calibration": 0.00013768968180200082, "std_km_calibration": 2.0494711969745587e-05, "mean_x_calibration": 0.020398151175487326, "std_x_calibration": 0.0007235261781860663, "mean_fit_time": 0.0, "std_fit_time": 0.0, "mean_predict_time": 0.37, "std_predict_time": 0.0, "is_competing_risk": false, "n_events": 1, "n_rows": 10000, "n_cols": 16, "censoring_rate": 0.3467}