{"event_specific_brier_scores": [{"event": 1, "time": [1.23, 18.91, 36.58, 54.25, 71.93, 89.6, 107.28, 124.95, 142.62, 160.3, 177.97, 195.64, 213.32, 230.99, 248.66, 266.34, 284.01, 301.69, 319.36, 337.03], "mean_brier_scores": [0.0007, 0.0345, 0.1017, 0.1599, 0.1893, 0.2185, 0.2363, 0.2455, 0.2488, 0.2483, 0.2434, 0.2399, 0.2269, 0.2007, 0.1991, 0.1941, 0.1869, 0.1581, 0.1832, 0.0136], "std_brier_scores": [0.0008, 0.0064, 0.0081, 0.0057, 0.0046, 0.0045, 0.0047, 0.0056, 0.0057, 0.0057, 0.0069, 0.0122, 0.0081, 0.0185, 0.0145, 0.0291, 0.0522, 0.0354, 0.1111, 0.0088]}], "event_specific_ibs": [{"event": 1, "mean_ibs": 0.1854, "std_ibs": 0.0103}], "c_index": [{"time_quantile": 0.25, "event": [1], "mean_c_index": [0.5], "std_c_index": [0.0]}, {"time_quantile": 0.5, "event": [1], "mean_c_index": [0.5], "std_c_index": [0.0]}, {"time_quantile": 0.75, "event": [1], "mean_c_index": [0.5], "std_c_index": [0.0]}], "mean_censlog": 2.0393, "std_cenlog": 0.0137, "mean_auc": 0.5, "std_auc": 0.0, "mean_mse": 16007.13572030653, "std_mse": 2100.3517008391896, "mean_mae": 102.28336537671116, "std_mae": 2.468331957492231, "mean_one_calibration": 0.46099269352688294, "std_one_calibration": 0.21843357337523792, "mean_d_calibration": 0.6882743142279522, "std_d_calibration": 0.3205497910798427, "mean_km_calibration": 0.0009120468745754815, "std_km_calibration": 7.653982151769765e-05, "mean_x_calibration": 0.001153878829100911, "std_x_calibration": 0.0007312842462867187, "mean_fit_time": 0.0, "std_fit_time": 0.0, "mean_predict_time": 0.0, "std_predict_time": 0.0, "is_competing_risk": false, "n_events": 1, "n_rows": 1332, "n_cols": 9, "censoring_rate": 0.42042042042042044}