{"event_specific_brier_scores": [{"event": 1, "time": [3.0, 109.63, 216.26, 322.89, 429.53, 536.16, 642.79, 749.42, 856.05, 962.68, 1069.32, 1175.95, 1282.58, 1389.21, 1495.84, 1602.47, 1709.11, 1815.74, 1922.37, 2029.0], "mean_brier_scores": [0.0149, 0.244, 0.25, 0.2485, 0.2442, 0.2395, 0.2349, 0.2319, 0.2263, 0.2224, 0.2161, 0.2094, 0.2055, 0.1997, 0.1954, 0.1936, 0.1949, 0.1883, 0.1726, 0.0431], "std_brier_scores": [0.0019, 0.0016, 0.0003, 0.0003, 0.0009, 0.0019, 0.0016, 0.004, 0.0043, 0.0051, 0.0062, 0.0061, 0.0059, 0.0063, 0.0096, 0.0133, 0.013, 0.0091, 0.0125, 0.0011]}], "event_specific_ibs": [{"event": 1, "mean_ibs": 0.2077, "std_ibs": 0.004}], "c_index": [{"time_quantile": 0.25, "event": [1], "mean_c_index": [0.5], "std_c_index": [0.0]}, {"time_quantile": 0.5, "event": [1], "mean_c_index": [0.5], "std_c_index": [0.0]}, {"time_quantile": 0.75, "event": [1], "mean_c_index": [0.5], "std_c_index": [0.0]}], "mean_censlog": 1.6169, "std_cenlog": 0.0193, "mean_auc": 0.5, "std_auc": 0.0, "mean_mse": 1503075.1944372684, "std_mse": 34398.00125363807, "mean_mae": 904.4030093885533, "std_mae": 7.2896250955946735, "mean_one_calibration": 0.3750404490635898, "std_one_calibration": 0.26797836027979116, "mean_d_calibration": 4.343395628970979e-160, "std_d_calibration": 7.69016707724257e-160, "mean_km_calibration": 0.0007796712236221329, "std_km_calibration": 0.00011161812214822395, "mean_x_calibration": 0.030703845384324545, "std_x_calibration": 0.0015501318301067194, "mean_fit_time": 0.0, "std_fit_time": 0.0, "mean_predict_time": 0.0, "std_predict_time": 0.0, "is_competing_risk": false, "n_events": 1, "n_rows": 6211, "n_cols": 14, "censoring_rate": 0.31975527290291417}