{"event_specific_brier_scores": [{"event": 1, "time": [1.0, 40.89, 80.79, 120.68, 160.58, 200.47, 240.37, 280.26, 320.16, 360.05, 399.95, 439.84, 479.74, 519.63, 559.53, 599.42, 639.32, 679.21, 719.11, 760.0], "mean_brier_scores": [0.3136, 0.0819, 0.0928, 0.1008, 0.1077, 0.119, 0.1224, 0.1299, 0.1306, 0.1357, 0.1678, 0.1492, 0.1454, 0.1438, 0.1416, 0.1461, 0.1392, 0.134, 0.1288, 0.0], "std_brier_scores": [0.0197, 0.0042, 0.0069, 0.0065, 0.0022, 0.0015, 0.0009, 0.0021, 0.0013, 0.0008, 0.007, 0.0024, 0.0023, 0.0016, 0.0021, 0.0008, 0.0008, 0.001, 0.0007, 0.0]}], "event_specific_ibs": [{"event": 1, "mean_ibs": 0.1301, "std_ibs": 0.0013}], "c_index": [{"time_quantile": 0.25, "event": [1], "mean_c_index": [0.8758], "std_c_index": [0.0043]}, {"time_quantile": 0.5, "event": [1], "mean_c_index": [0.8302], "std_c_index": [0.0098]}, {"time_quantile": 0.75, "event": [1], "mean_c_index": [0.8136], "std_c_index": [0.0062]}], "mean_censlog": 6.4336, "std_cenlog": 1.6231, "mean_auc": 0.9228162163814978, "std_auc": 0.007052484454061814, "mean_mse": 93820.23611558776, "std_mse": 4140.478938604392, "mean_mae": 204.92798359336075, "std_mae": 2.161745517809379, "mean_one_calibration": 0.0, "std_one_calibration": 0.0, "mean_d_calibration": 0.0, "std_d_calibration": 0.0, "mean_km_calibration": 0.004705881361841335, "std_km_calibration": 8.348497946656904e-05, "mean_x_calibration": 0.08080280097746527, "std_x_calibration": 0.012241071501459103, "mean_fit_time": 10.41, "std_fit_time": 0.08, "mean_predict_time": 0.0, "std_predict_time": 0.0, "is_competing_risk": false, "n_events": 1, "n_rows": 100000, "n_cols": 16, "censoring_rate": 0.34669}