{"event_specific_brier_scores": [{"event": 1, "time": [0.0, 18.69, 37.39, 56.08, 74.78, 93.47, 112.17, 130.86, 149.56, 168.25, 186.95, 205.64, 224.34, 243.03, 261.73, 280.42, 299.12, 317.81, 336.51, 356.2], "mean_brier_scores": [0.0062, 0.0527, 0.116, 0.1593, 0.1874, 0.2127, 0.2238, 0.2293, 0.2368, 0.2327, 0.2238, 0.2124, 0.1928, 0.1795, 0.1762, 0.1976, 0.1759, 0.1565, 0.1004, 0.0], "std_brier_scores": [0.0009, 0.0048, 0.0053, 0.0072, 0.0052, 0.0072, 0.0084, 0.0106, 0.0116, 0.0141, 0.0125, 0.0168, 0.0168, 0.0197, 0.023, 0.0533, 0.0562, 0.0569, 0.0955, 0.0]}], "event_specific_ibs": [{"event": 1, "mean_ibs": 0.1717, "std_ibs": 0.018}], "c_index": [{"time_quantile": 0.25, "event": [1], "mean_c_index": [0.6554], "std_c_index": [0.0126]}, {"time_quantile": 0.5, "event": [1], "mean_c_index": [0.6215], "std_c_index": [0.0091]}, {"time_quantile": 0.75, "event": [1], "mean_c_index": [0.6275], "std_c_index": [0.0018]}], "mean_censlog": 2.2002, "std_cenlog": 0.0503, "mean_auc": 0.6791657708489025, "std_auc": 0.01639935909011309, "mean_mse": 16833.754428146072, "std_mse": 1777.8627712028774, "mean_mae": 97.31195333012104, "std_mae": 2.4693605831074135, "mean_one_calibration": 9.327409148585098e-06, "std_one_calibration": 1.5804943138476954e-05, "mean_d_calibration": 0.00123598778906698, "std_d_calibration": 0.0018053984282760276, "mean_km_calibration": 0.002605131704701553, "std_km_calibration": 0.0007738792619466989, "mean_x_calibration": 0.005269110660310499, "std_x_calibration": 0.000687150047289576, "mean_fit_time": 0.37, "std_fit_time": 0.02, "mean_predict_time": 0.0, "std_predict_time": 0.0, "is_competing_risk": false, "n_events": 1, "n_rows": 1332, "n_cols": 9, "censoring_rate": 0.42042042042042044}