{"event_specific_brier_scores": [{"event": 1, "time": [3.0, 109.63, 216.26, 322.89, 429.53, 536.16, 642.79, 749.42, 856.05, 962.68, 1069.32, 1175.95, 1282.58, 1389.21, 1495.84, 1602.47, 1709.11, 1815.74, 1922.37, 2030.0], "mean_brier_scores": [0.1818, 0.2414, 0.2456, 0.2418, 0.237, 0.2318, 0.2265, 0.2229, 0.2174, 0.2134, 0.2058, 0.1994, 0.1957, 0.1899, 0.1851, 0.1826, 0.1827, 0.1777, 0.1611, 0.0], "std_brier_scores": [0.0088, 0.002, 0.0026, 0.0009, 0.0008, 0.0016, 0.002, 0.0038, 0.0043, 0.0048, 0.0061, 0.0059, 0.0056, 0.0061, 0.0093, 0.0124, 0.0113, 0.0071, 0.0122, 0.0]}], "event_specific_ibs": [{"event": 1, "mean_ibs": 0.2025, "std_ibs": 0.004}], "c_index": [{"time_quantile": 0.25, "event": [1], "mean_c_index": [0.5741], "std_c_index": [0.0043]}, {"time_quantile": 0.5, "event": [1], "mean_c_index": [0.5682], "std_c_index": [0.0033]}, {"time_quantile": 0.75, "event": [1], "mean_c_index": [0.5645], "std_c_index": [0.0038]}], "mean_censlog": 2.7641, "std_cenlog": 0.3798, "mean_auc": 0.5979020563784949, "std_auc": 0.002880643591695462, "mean_mse": 1499067.0386216969, "std_mse": 44660.65660969522, "mean_mae": 876.314392164777, "std_mae": 11.120904842895113, "mean_one_calibration": 0.16161289957544164, "std_one_calibration": 0.12811762658902573, "mean_d_calibration": 1.0401398526326781e-270, "std_d_calibration": 0.0, "mean_km_calibration": 0.0020153124774202652, "std_km_calibration": 0.0005361878279318816, "mean_x_calibration": 0.055048331620900406, "std_x_calibration": 0.007306804178206091, "mean_fit_time": 1.03, "std_fit_time": 0.1, "mean_predict_time": 0.0, "std_predict_time": 0.0, "is_competing_risk": false, "n_events": 1, "n_rows": 6211, "n_cols": 14, "censoring_rate": 0.31975527290291417}