{"event_specific_brier_scores": [{"event": 1, "time": [1.0, 40.89, 80.79, 120.68, 160.58, 200.47, 240.37, 280.26, 320.16, 360.05, 399.95, 439.84, 479.74, 519.63, 559.53, 599.42, 639.32, 679.21, 719.11, 759.0], "mean_brier_scores": [0.0076, 0.064, 0.0771, 0.0857, 0.0907, 0.1022, 0.1037, 0.1093, 0.111, 0.116, 0.1257, 0.1266, 0.1251, 0.1249, 0.1254, 0.132, 0.1275, 0.1254, 0.1231, 0.059], "std_brier_scores": [0.0, 0.0, 0.0, 0.0, 0.0, 0.0, 0.0, 0.0, 0.0, 0.0, 0.0, 0.0, 0.0, 0.0, 0.0, 0.0, 0.0, 0.0, 0.0, 0.0]}], "event_specific_ibs": [{"event": 1, "mean_ibs": 0.1068, "std_ibs": 0.0}], "c_index": [{"time_quantile": 0.25, "event": [1], "mean_c_index": [0.8749], "std_c_index": [0.0]}, {"time_quantile": 0.5, "event": [1], "mean_c_index": [0.8504], "std_c_index": [0.0]}, {"time_quantile": 0.75, "event": [1], "mean_c_index": [0.8137], "std_c_index": [0.0]}], "mean_censlog": 1.1199, "std_cenlog": 0.0, "mean_auc": 0.9448778988677614, "std_auc": 0.0, "mean_mse": 911586.6608865401, "std_mse": 0.0, "mean_mae": 423.5645176351667, "std_mae": 0.0, "mean_one_calibration": 0.0, "std_one_calibration": 0.0, "mean_d_calibration": 0.0, "std_d_calibration": 0.0, "mean_km_calibration": 0.000934525545163765, "std_km_calibration": 0.0, "mean_x_calibration": 0.012396848514945474, "std_x_calibration": 0.0, "mean_fit_time": 838.27, "std_fit_time": 0.0, "mean_predict_time": 1048.78, "std_predict_time": 0.0, "is_competing_risk": false, "n_events": 1, "n_rows": 100000, "n_cols": 16, "censoring_rate": 0.34669}