{"event_specific_brier_scores": [{"event": 1, "time": [1.23, 18.91, 36.58, 54.25, 71.93, 89.6, 107.28, 124.95, 142.62, 160.3, 177.97, 195.64, 213.32, 230.99, 248.66, 266.34, 284.01, 301.69, 319.36, 337.03], "mean_brier_scores": [0.0007, 0.0344, 0.0958, 0.1446, 0.1711, 0.197, 0.2098, 0.2153, 0.2216, 0.2215, 0.2122, 0.2079, 0.1955, 0.1741, 0.1683, 0.1674, 0.1554, 0.1451, 0.1719, 0.0562], "std_brier_scores": [0.0008, 0.006, 0.0075, 0.0048, 0.0039, 0.0067, 0.0057, 0.007, 0.008, 0.0079, 0.0088, 0.0131, 0.0106, 0.0151, 0.0064, 0.0258, 0.0318, 0.0286, 0.0856, 0.0118]}], "event_specific_ibs": [{"event": 1, "mean_ibs": 0.1651, "std_ibs": 0.0084}], "c_index": [{"time_quantile": 0.25, "event": [1], "mean_c_index": [0.6736], "std_c_index": [0.0135]}, {"time_quantile": 0.5, "event": [1], "mean_c_index": [0.6398], "std_c_index": [0.0101]}, {"time_quantile": 0.75, "event": [1], "mean_c_index": [0.6335], "std_c_index": [0.0097]}], "mean_censlog": 1.9371, "std_cenlog": 0.0129, "mean_auc": 0.7022736912646141, "std_auc": 0.012895512974052859, "mean_mse": 15154.41021244368, "std_mse": 1445.0324327321434, "mean_mae": 94.34238984131477, "std_mae": 1.2212934625472924, "mean_one_calibration": 0.41332296336314744, "std_one_calibration": 0.22648038356380704, "mean_d_calibration": 0.4320151186779448, "std_d_calibration": 0.23404938100859526, "mean_km_calibration": 0.002872529011274991, "std_km_calibration": 0.0010552106299917046, "mean_x_calibration": 0.0017189736006145348, "std_x_calibration": 0.0006356468717444762, "mean_fit_time": 2.91, "std_fit_time": 0.09, "mean_predict_time": 0.21, "std_predict_time": 0.02, "is_competing_risk": false, "n_events": 1, "n_rows": 1332, "n_cols": 9, "censoring_rate": 0.42042042042042044}