{"event_specific_brier_scores": [{"event": 1, "time": [3.0, 109.63, 216.26, 322.89, 429.53, 536.16, 642.79, 749.42, 856.05, 962.68, 1069.32, 1175.95, 1282.58, 1389.21, 1495.84, 1602.47, 1709.11, 1815.74, 1922.37, 2029.0], "mean_brier_scores": [0.0135, 0.2257, 0.228, 0.2243, 0.2169, 0.211, 0.2053, 0.2011, 0.1964, 0.1907, 0.1837, 0.1783, 0.1753, 0.1706, 0.1677, 0.1655, 0.1655, 0.164, 0.1463, 0.05], "std_brier_scores": [0.0017, 0.0041, 0.0025, 0.0027, 0.0032, 0.0039, 0.0032, 0.0051, 0.0051, 0.005, 0.0057, 0.0055, 0.0056, 0.0061, 0.0092, 0.0116, 0.0102, 0.008, 0.0108, 0.0023]}], "event_specific_ibs": [{"event": 1, "mean_ibs": 0.1815, "std_ibs": 0.0041}], "c_index": [{"time_quantile": 0.25, "event": [1], "mean_c_index": [0.6174], "std_c_index": [0.0058]}, {"time_quantile": 0.5, "event": [1], "mean_c_index": [0.6137], "std_c_index": [0.0045]}, {"time_quantile": 0.75, "event": [1], "mean_c_index": [0.6104], "std_c_index": [0.0047]}], "mean_censlog": 1.5392, "std_cenlog": 0.0186, "mean_auc": 0.6750471753272534, "std_auc": 0.009386246585485569, "mean_mse": 1347923.4857454966, "std_mse": 53819.79757713153, "mean_mae": 842.8544828671411, "std_mae": 15.15962752941989, "mean_one_calibration": 0.2808302525396039, "std_one_calibration": 0.2902440661111332, "mean_d_calibration": 4.309156817714733e-101, "std_d_calibration": 8.61831363542945e-101, "mean_km_calibration": 0.0007285205668169546, "std_km_calibration": 9.902569287928789e-05, "mean_x_calibration": 0.022170362357276763, "std_x_calibration": 0.0023137492378657244, "mean_fit_time": 41.32, "std_fit_time": 1.35, "mean_predict_time": 1.23, "std_predict_time": 0.07, "is_competing_risk": false, "n_events": 1, "n_rows": 6211, "n_cols": 14, "censoring_rate": 0.31975527290291417}