{"event_specific_brier_scores": [{"event": 1, "time": [3.0, 109.63, 216.26, 322.89, 429.53, 536.16, 642.79, 749.42, 856.05, 962.68, 1069.32, 1175.95, 1282.58, 1389.21, 1495.84, 1602.47, 1709.11, 1815.74, 1922.37, 2029.0], "mean_brier_scores": [0.0135, 0.2257, 0.2279, 0.2244, 0.2169, 0.2109, 0.2052, 0.2011, 0.1964, 0.1906, 0.1837, 0.1783, 0.1753, 0.1706, 0.1677, 0.1655, 0.1655, 0.1639, 0.1463, 0.05], "std_brier_scores": [0.0016, 0.0041, 0.0025, 0.0026, 0.0031, 0.004, 0.0033, 0.0051, 0.0052, 0.005, 0.0057, 0.0055, 0.0057, 0.0061, 0.0092, 0.0116, 0.0102, 0.008, 0.0108, 0.0023]}], "event_specific_ibs": [{"event": 1, "mean_ibs": 0.1815, "std_ibs": 0.0041}], "c_index": [{"time_quantile": 0.25, "event": [1], "mean_c_index": [0.6174], "std_c_index": [0.0058]}, {"time_quantile": 0.5, "event": [1], "mean_c_index": [0.6138], "std_c_index": [0.0046]}, {"time_quantile": 0.75, "event": [1], "mean_c_index": [0.6105], "std_c_index": [0.0047]}], "mean_censlog": 1.5389, "std_cenlog": 0.0185, "mean_d_calibration": 4.309638603294338e-101, "std_d_calibration": 8.619277206588676e-101, "mean_mse": 1351018.646959413, "std_mse": 54154.57672916594, "mean_mae": 843.6871021530845, "std_mae": 14.942158584718154, "mean_fit_time": 39.32, "std_fit_time": 1.1, "mean_predict_time": 1.16, "std_predict_time": 0.03, "is_competing_risk": false, "n_events": 1, "n_rows": 6211, "n_cols": 14, "censoring_rate": 0.31975527290291417}