{"event_specific_brier_scores": [{"event": 1, "time": [1.0, 5.0, 7.0, 7.0, 7.0, 11.0, 28.0, 30.0, 30.0, 30.0, 30.0, 31.0, 58.6, 82.45, 119.0, 195.0, 286.2, 372.4, 413.0, 452.7], "mean_brier_scores": [0.0082, 0.0409, 0.1034, 0.097, 0.0889, 0.0899, 0.1116, 0.1458, 0.1863, 0.18, 0.1665, 0.1649, 0.1628, 0.1641, 0.1638, 0.1678, 0.1702, 0.1747, 0.1689, 0.3139], "std_brier_scores": [0.0016, 0.0009, 0.004, 0.0041, 0.0044, 0.005, 0.0094, 0.0278, 0.009, 0.0096, 0.0096, 0.0082, 0.0082, 0.0064, 0.0054, 0.0011, 0.0016, 0.0016, 0.0031, 0.0032]}], "event_specific_ibs": [{"event": 1, "mean_ibs": 0.1715, "std_ibs": 0.0036}], "c_index": [{"time_quantile": 0.25, "event": [1], "mean_c_index": [0.942], "std_c_index": [0.0083]}, {"time_quantile": 0.5, "event": [1], "mean_c_index": [0.917], "std_c_index": [0.0029]}, {"time_quantile": 0.75, "event": [1], "mean_c_index": [0.8533], "std_c_index": [0.0026]}], "mean_censlog": 3.0633, "std_cenlog": 0.1194, "mean_auc": 0.8880802011293641, "std_auc": 0.008574296325869953, "mean_mse": 111820.20095602774, "std_mse": 0.0, "mean_mae": 245.6459373874005, "std_mae": 0.0, "mean_one_calibration": 0.0, "std_one_calibration": 0.0, "mean_d_calibration": 0.0, "std_d_calibration": 0.0, "mean_km_calibration": 0.0295880013439008, "std_km_calibration": 0.002239433259610921, "mean_x_calibration": 0.054095739886361516, "std_x_calibration": 0.005695914022896859, "mean_fit_time": 539.06, "std_fit_time": 205.12, "mean_predict_time": 0.0, "std_predict_time": 0.0, "is_competing_risk": false, "n_events": 1, "n_rows": 1024, "n_cols": 16, "censoring_rate": 0.6455}