{"event_specific_brier_scores": [{"event": 1, "time": [1.0, 25.45, 49.9, 74.35, 98.81, 123.26, 147.71, 172.16, 196.61, 221.06, 245.52, 269.97, 294.42, 318.87, 343.32, 367.77, 392.23, 416.68, 441.13, 465.58, 490.03, 514.48, 538.94, 563.39, 587.84, 612.29, 636.74, 661.19, 685.65, 710.1, 734.55, 759.0], "mean_brier_scores": [0.0056, 0.0191, 0.0657, 0.083, 0.0906, 0.0986, 0.1003, 0.104, 0.1206, 0.1251, 0.127, 0.1275, 0.1281, 0.1291, 0.1293, 0.1326, 0.1324, 0.141, 0.127, 0.1227, 0.119, 0.1168, 0.115, 0.112, 0.1229, 0.1149, 0.1103, 0.107, 0.1045, 0.1016, 0.0939, 0.0368], "std_brier_scores": [0.0, 0.0, 0.0, 0.0, 0.0, 0.0, 0.0, 0.0, 0.0, 0.0, 0.0, 0.0, 0.0, 0.0, 0.0, 0.0, 0.0, 0.0, 0.0, 0.0, 0.0, 0.0, 0.0, 0.0, 0.0, 0.0, 0.0, 0.0, 0.0, 0.0, 0.0, 0.0]}], "event_specific_ibs": [{"event": 1, "mean_ibs": 0.1078, "std_ibs": 0.0}], "c_index": [{"time_quantile": 0.25, "event": [1], "mean_c_index": [0.858], "std_c_index": [0.0]}, {"time_quantile": 0.5, "event": [1], "mean_c_index": [0.821], "std_c_index": [0.0]}, {"time_quantile": 0.75, "event": [1], "mean_c_index": [0.765], "std_c_index": [0.0]}], "mean_censlog": 1.516, "std_cenlog": 0.0, "mean_auc": 0.5, "std_auc": 0.0, "mean_mse": 224981.4279059481, "std_mse": 0.0, "mean_mae": 360.3321626967711, "std_mae": 0.0, "mean_one_calibration": 0.0, "std_one_calibration": 0.0, "mean_d_calibration": 0.0, "std_d_calibration": 0.0, "mean_km_calibration": 0.1946154185935257, "std_km_calibration": 0.0, "mean_x_calibration": 0.8993961141441518, "std_x_calibration": 0.0, "mean_fit_time": 2659.92, "std_fit_time": 0.0, "mean_predict_time": 0.0, "std_predict_time": 0.0, "is_competing_risk": false, "n_events": 1, "n_rows": 783161, "n_cols": 0, "censoring_rate": 0.6986}