{"event_specific_brier_scores": [{"event": 1, "time": [0.0, 11.46, 22.92, 34.37, 45.83, 57.29, 68.75, 80.21, 91.66, 103.12, 114.58, 126.04, 137.5, 148.95, 160.41, 171.87, 183.33, 194.79, 206.25, 217.7, 229.16, 240.62, 252.08, 263.54, 274.99, 286.45, 297.91, 309.37, 320.83, 332.28, 343.74, 355.2], "mean_brier_scores": [0.0, 0.0099, 0.0466, 0.0834, 0.1168, 0.145, 0.1631, 0.1746, 0.1864, 0.1971, 0.2032, 0.2118, 0.2192, 0.2243, 0.2289, 0.2334, 0.2264, 0.2261, 0.2174, 0.2068, 0.2028, 0.2045, 0.1911, 0.1886, 0.163, 0.1666, 0.1648, 0.1447, 0.1178, 0.14, 0.1785, 0.1599], "std_brier_scores": [0.0, 0.0035, 0.0076, 0.0067, 0.0051, 0.0086, 0.0099, 0.0121, 0.0127, 0.0097, 0.009, 0.0105, 0.0107, 0.0086, 0.0124, 0.0115, 0.0088, 0.0129, 0.0153, 0.0178, 0.0244, 0.0238, 0.0254, 0.0217, 0.0259, 0.0218, 0.0179, 0.0457, 0.0119, 0.0458, 0.0934, 0.1026]}], "event_specific_ibs": [{"event": 1, "mean_ibs": 0.1698, "std_ibs": 0.0098}], "c_index": [{"time_quantile": 0.25, "event": [1], "mean_c_index": [0.6872], "std_c_index": [0.023]}, {"time_quantile": 0.5, "event": [1], "mean_c_index": [0.6428], "std_c_index": [0.0107]}, {"time_quantile": 0.75, "event": [1], "mean_c_index": [0.6292], "std_c_index": [0.0084]}], "mean_censlog": 2.1973, "std_cenlog": 0.0301, "mean_auc": 0.5, "std_auc": 0.0, "mean_mse": 40239.20439274693, "std_mse": 1936.9023023307575, "mean_mae": 179.7652883228935, "std_mae": 3.233808534381555, "mean_one_calibration": 0.0, "std_one_calibration": 0.0, "mean_d_calibration": 0.0, "std_d_calibration": 0.0, "mean_km_calibration": 0.3296285908133631, "std_km_calibration": 0.02673152780622303, "mean_x_calibration": 0.8965974831238739, "std_x_calibration": 0.0017558181428179028, "mean_fit_time": 4.16, "std_fit_time": 0.35, "mean_predict_time": 0.0, "std_predict_time": 0.0, "is_competing_risk": false, "n_events": 1, "n_rows": 1142, "n_cols": 0, "censoring_rate": 0.5797}