{"event_specific_brier_scores": [{"event": 1, "time": [3.0, 68.35, 133.71, 199.06, 264.42, 329.77, 395.13, 460.48, 525.84, 591.19, 656.55, 721.9, 787.26, 852.61, 917.97, 983.32, 1048.68, 1114.03, 1179.39, 1244.74, 1310.1, 1375.45, 1440.81, 1506.16, 1571.52, 1636.87, 1702.23, 1767.58, 1832.94, 1898.29, 1963.65, 2029.0], "mean_brier_scores": [0.0001, 0.2219, 0.2336, 0.2353, 0.2336, 0.231, 0.2267, 0.2251, 0.2205, 0.2164, 0.2145, 0.2121, 0.2087, 0.2069, 0.2024, 0.2007, 0.1973, 0.1934, 0.1902, 0.1875, 0.1853, 0.1804, 0.1805, 0.179, 0.1751, 0.1787, 0.1716, 0.1713, 0.174, 0.1704, 0.1745, 0.0451], "std_brier_scores": [0.0001, 0.0025, 0.0007, 0.0017, 0.0025, 0.0028, 0.0041, 0.0032, 0.0032, 0.004, 0.0036, 0.0037, 0.0033, 0.0051, 0.0051, 0.0078, 0.0063, 0.0064, 0.0061, 0.005, 0.0045, 0.006, 0.0065, 0.0084, 0.0134, 0.0163, 0.0134, 0.0123, 0.0179, 0.0151, 0.0139, 0.0054]}], "event_specific_ibs": [{"event": 1, "mean_ibs": 0.1942, "std_ibs": 0.0056}], "c_index": [{"time_quantile": 0.25, "event": [1], "mean_c_index": [0.5948], "std_c_index": [0.005]}, {"time_quantile": 0.5, "event": [1], "mean_c_index": [0.5952], "std_c_index": [0.0052]}, {"time_quantile": 0.75, "event": [1], "mean_c_index": [0.597], "std_c_index": [0.005]}], "mean_censlog": 1.8175, "std_cenlog": 0.0259, "mean_auc": 0.5, "std_auc": 0.0, "mean_mse": 1857007.763890955, "std_mse": 36240.42822881677, "mean_mae": 967.350299468857, "std_mae": 8.057408511056684, "mean_one_calibration": 0.0, "std_one_calibration": 0.0, "mean_d_calibration": 0.0, "std_d_calibration": 0.0, "mean_km_calibration": 0.14843633684434285, "std_km_calibration": 0.003858461322294415, "mean_x_calibration": 0.9000000000000001, "std_x_calibration": 0.0, "mean_fit_time": 16.31, "std_fit_time": 3.27, "mean_predict_time": 0.0, "std_predict_time": 0.0, "is_competing_risk": false, "n_events": 1, "n_rows": 5323, "n_cols": 0, "censoring_rate": 0.6803}