{"event_specific_brier_scores": [{"event": 1, "time": [1.23, 18.91, 36.58, 54.25, 71.93, 89.6, 107.28, 124.95, 142.62, 160.3, 177.97, 195.64, 213.32, 230.99, 248.66, 266.34, 284.01, 301.69, 319.36, 337.03], "mean_brier_scores": [0.0007, 0.0345, 0.0985, 0.1515, 0.1787, 0.2034, 0.2156, 0.2194, 0.2245, 0.2249, 0.2147, 0.2116, 0.1994, 0.1775, 0.1749, 0.1775, 0.1676, 0.146, 0.1776, 0.0087], "std_brier_scores": [0.0008, 0.0064, 0.0065, 0.004, 0.0035, 0.0066, 0.0067, 0.0098, 0.0103, 0.0103, 0.0139, 0.018, 0.0144, 0.0215, 0.0119, 0.0271, 0.0537, 0.0342, 0.1038, 0.0064]}], "event_specific_ibs": [{"event": 1, "mean_ibs": 0.1686, "std_ibs": 0.0107}], "c_index": [{"time_quantile": 0.25, "event": [1], "mean_c_index": [0.6402], "std_c_index": [0.0131]}, {"time_quantile": 0.5, "event": [1], "mean_c_index": [0.6399], "std_c_index": [0.0122]}, {"time_quantile": 0.75, "event": [1], "mean_c_index": [0.6388], "std_c_index": [0.0101]}], "mean_censlog": 1.9742, "std_cenlog": 0.024, "mean_auc": 0.6896330376384744, "std_auc": 0.012336406065852398, "mean_mse": 14265.279972110462, "std_mse": 2025.0384989669294, "mean_mae": 91.63128750412395, "std_mae": 3.4449094083639635, "mean_one_calibration": 0.3484987332967158, "std_one_calibration": 0.40429125682299394, "mean_d_calibration": 0.442319986014361, "std_d_calibration": 0.2797519363200354, "mean_km_calibration": 0.0010285747532274474, "std_km_calibration": 0.00042556649929715554, "mean_x_calibration": 0.0017375304049287283, "std_x_calibration": 0.0007187577361113173, "mean_fit_time": 1.18, "std_fit_time": 0.12, "mean_predict_time": 0.03, "std_predict_time": 0.0, "is_competing_risk": false, "n_events": 1, "n_rows": 1332, "n_cols": 9, "censoring_rate": 0.42042042042042044}