{"event_specific_brier_scores": [{"event": 1, "time": [3.0, 109.63, 216.26, 322.89, 429.53, 536.16, 642.79, 749.42, 856.05, 962.68, 1069.32, 1175.95, 1282.58, 1389.21, 1495.84, 1602.47, 1709.11, 1815.74, 1922.37, 2029.0], "mean_brier_scores": [0.0146, 0.2314, 0.2325, 0.2287, 0.2223, 0.217, 0.2116, 0.208, 0.2035, 0.1985, 0.1915, 0.1855, 0.1824, 0.1773, 0.1735, 0.1719, 0.1722, 0.1692, 0.1516, 0.0356], "std_brier_scores": [0.0017, 0.0047, 0.0031, 0.0036, 0.0046, 0.0051, 0.0049, 0.0071, 0.0067, 0.0066, 0.0067, 0.0062, 0.0059, 0.0057, 0.0093, 0.0126, 0.0113, 0.0087, 0.0108, 0.0038]}], "event_specific_ibs": [{"event": 1, "mean_ibs": 0.187, "std_ibs": 0.0041}], "c_index": [{"time_quantile": 0.25, "event": [1], "mean_c_index": [0.6136], "std_c_index": [0.0108]}, {"time_quantile": 0.5, "event": [1], "mean_c_index": [0.614], "std_c_index": [0.01]}, {"time_quantile": 0.75, "event": [1], "mean_c_index": [0.6143], "std_c_index": [0.0099]}], "mean_censlog": 1.575, "std_cenlog": 0.0158, "mean_d_calibration": 1.99398035435566e-141, "std_d_calibration": 3.987960708710575e-141, "mean_mse": 1292736.1288932806, "std_mse": 26527.031711298543, "mean_mae": 847.7763110402644, "std_mae": 9.963936790166713, "mean_fit_time": 35.32, "std_fit_time": 3.94, "mean_predict_time": 0.16, "std_predict_time": 0.0, "is_competing_risk": false, "n_events": 1, "n_rows": 6211, "n_cols": 14, "censoring_rate": 0.31975527290291417}