{"event_specific_brier_scores": [{"event": 1, "time": [1.0, 40.89, 80.79, 120.68, 160.58, 200.47, 240.37, 280.26, 320.16, 360.05, 399.95, 439.84, 479.74, 519.63, 559.53, 599.42, 639.32, 679.21, 719.11, 759.0], "mean_brier_scores": [0.0084, 0.0797, 0.0892, 0.0937, 0.0958, 0.1043, 0.1063, 0.1131, 0.1157, 0.121, 0.129, 0.1404, 0.1362, 0.1326, 0.1288, 0.1297, 0.1233, 0.1188, 0.1151, 0.0519], "std_brier_scores": [0.0, 0.0021, 0.0015, 0.001, 0.0004, 0.0003, 0.0004, 0.0005, 0.0003, 0.0002, 0.0004, 0.0011, 0.0012, 0.001, 0.0009, 0.0013, 0.0013, 0.0014, 0.0016, 0.0012]}], "event_specific_ibs": [{"event": 1, "mean_ibs": 0.1107, "std_ibs": 0.0006}], "c_index": [{"time_quantile": 0.25, "event": [1], "mean_c_index": [0.8671], "std_c_index": [0.0043]}, {"time_quantile": 0.5, "event": [1], "mean_c_index": [0.8405], "std_c_index": [0.0052]}, {"time_quantile": 0.75, "event": [1], "mean_c_index": [0.8257], "std_c_index": [0.0052]}], "mean_censlog": 1.2698, "std_cenlog": 0.0051, "mean_auc": 0.937931286991429, "std_auc": 0.00038384531533669605, "mean_mse": 133400.47602895368, "std_mse": 1353.8660092401253, "mean_mae": 249.95410679400027, "std_mae": 2.958404019095066, "mean_one_calibration": 0.0, "std_one_calibration": 0.0, "mean_d_calibration": 0.0, "std_d_calibration": 0.0, "mean_km_calibration": 0.00208331273927223, "std_km_calibration": 0.0003294622265563589, "mean_x_calibration": 0.019571304499923985, "std_x_calibration": 0.0015693802363437124, "mean_fit_time": 2185.08, "std_fit_time": 851.47, "mean_predict_time": 60.97, "std_predict_time": 7.81, "is_competing_risk": false, "n_events": 1, "n_rows": 100000, "n_cols": 16, "censoring_rate": 0.34669}