{"event_specific_brier_scores": [{"event": 1, "time": [1.23, 18.91, 36.58, 54.25, 71.93, 89.6, 107.28, 124.95, 142.62, 160.3, 177.97, 195.64, 213.32, 230.99, 248.66, 266.34, 284.01, 301.69, 319.36, 337.03], "mean_brier_scores": [0.0007, 0.037, 0.0999, 0.1516, 0.181, 0.2061, 0.2165, 0.2233, 0.2326, 0.2318, 0.2196, 0.2144, 0.2047, 0.1834, 0.176, 0.177, 0.1563, 0.1469, 0.1791, 0.0709], "std_brier_scores": [0.0008, 0.0064, 0.0074, 0.005, 0.0034, 0.0077, 0.0079, 0.0077, 0.008, 0.0052, 0.0095, 0.0133, 0.0111, 0.0152, 0.0076, 0.0238, 0.0265, 0.0243, 0.0712, 0.0184]}], "event_specific_ibs": [{"event": 1, "mean_ibs": 0.1723, "std_ibs": 0.0064}], "c_index": [{"time_quantile": 0.25, "event": [1], "mean_c_index": [0.6598], "std_c_index": [0.0094]}, {"time_quantile": 0.5, "event": [1], "mean_c_index": [0.6377], "std_c_index": [0.0079]}, {"time_quantile": 0.75, "event": [1], "mean_c_index": [0.6357], "std_c_index": [0.0108]}], "mean_censlog": 1.9871, "std_cenlog": 0.0176, "mean_auc": 0.6962287766041297, "std_auc": 0.010215735821083488, "mean_mse": 22733.39449032541, "std_mse": 1382.337840834764, "mean_mae": 109.73707055559566, "std_mae": 4.7337094765056476, "mean_one_calibration": 0.04874509411688961, "std_one_calibration": 0.08758194380177767, "mean_d_calibration": 0.6191350744693571, "std_d_calibration": 0.27543492050251267, "mean_km_calibration": 0.005372937284867002, "std_km_calibration": 0.0010983795470565513, "mean_x_calibration": 0.0012696594355456736, "std_x_calibration": 0.000521270646654119, "mean_fit_time": 17.2, "std_fit_time": 1.65, "mean_predict_time": 0.06, "std_predict_time": 0.01, "is_competing_risk": false, "n_events": 1, "n_rows": 1332, "n_cols": 9, "censoring_rate": 0.42042042042042044}