{"event_specific_brier_scores": [{"event": 1, "time": [3.0, 109.63, 216.26, 322.89, 429.53, 536.16, 642.79, 749.42, 856.05, 962.68, 1069.32, 1175.95, 1282.58, 1389.21, 1495.84, 1602.47, 1709.11, 1815.74, 1922.37, 2029.0], "mean_brier_scores": [0.0151, 0.2352, 0.2369, 0.2332, 0.2272, 0.2224, 0.2172, 0.2119, 0.2067, 0.2005, 0.193, 0.1866, 0.1823, 0.1765, 0.172, 0.1697, 0.1687, 0.1665, 0.1453, 0.0424], "std_brier_scores": [0.0015, 0.004, 0.0019, 0.0023, 0.0043, 0.0047, 0.0052, 0.0065, 0.0068, 0.006, 0.0064, 0.006, 0.0062, 0.0066, 0.0091, 0.0117, 0.0104, 0.008, 0.0135, 0.0036]}], "event_specific_ibs": [{"event": 1, "mean_ibs": 0.1884, "std_ibs": 0.0047}], "c_index": [{"time_quantile": 0.25, "event": [1], "mean_c_index": [0.6081], "std_c_index": [0.004]}, {"time_quantile": 0.5, "event": [1], "mean_c_index": [0.6088], "std_c_index": [0.0033]}, {"time_quantile": 0.75, "event": [1], "mean_c_index": [0.6064], "std_c_index": [0.002]}], "mean_censlog": 1.6103, "std_cenlog": 0.0206, "mean_d_calibration": 1.6345312116571324e-61, "std_d_calibration": 3.269062423314265e-61, "mean_mse": 1328332.960505344, "std_mse": 66108.45965282207, "mean_mae": 857.1367950833662, "std_mae": 18.648578630787586, "mean_fit_time": 24.19, "std_fit_time": 5.78, "mean_predict_time": 0.26, "std_predict_time": 0.02, "is_competing_risk": false, "n_events": 1, "n_rows": 6211, "n_cols": 14, "censoring_rate": 0.31975527290291417}