{"event_specific_brier_scores": [{"event": 1, "time": [3.0, 109.63, 216.26, 322.89, 429.53, 536.16, 642.79, 749.42, 856.05, 962.68, 1069.32, 1175.95, 1282.58, 1389.21, 1495.84, 1602.47, 1709.11, 1815.74, 1922.37, 2029.0], "mean_brier_scores": [0.0152, 0.2333, 0.2354, 0.2318, 0.2258, 0.221, 0.2155, 0.2107, 0.2058, 0.1995, 0.1922, 0.1859, 0.1819, 0.176, 0.1715, 0.1685, 0.1682, 0.1665, 0.1464, 0.0394], "std_brier_scores": [0.0015, 0.004, 0.0016, 0.0019, 0.004, 0.0049, 0.004, 0.0052, 0.005, 0.0048, 0.0052, 0.0047, 0.0048, 0.0049, 0.0083, 0.0103, 0.0093, 0.0076, 0.0115, 0.0025]}], "event_specific_ibs": [{"event": 1, "mean_ibs": 0.1876, "std_ibs": 0.0037}], "c_index": [{"time_quantile": 0.25, "event": [1], "mean_c_index": [0.6101], "std_c_index": [0.0052]}, {"time_quantile": 0.5, "event": [1], "mean_c_index": [0.6099], "std_c_index": [0.0038]}, {"time_quantile": 0.75, "event": [1], "mean_c_index": [0.6073], "std_c_index": [0.003]}], "mean_censlog": 1.6061, "std_cenlog": 0.0199, "mean_auc": 0.6555079570753894, "std_auc": 0.007008039474465777, "mean_mse": 1294800.3014148453, "std_mse": 14983.558381137347, "mean_mae": 849.767853655495, "std_mae": 12.459250446884624, "mean_one_calibration": 0.0017495814478040827, "std_one_calibration": 0.0025804852479340682, "mean_d_calibration": 7.205546822378884e-55, "std_d_calibration": 1.4411093644757766e-54, "mean_km_calibration": 0.0015833644799428345, "std_km_calibration": 0.0005274656711963688, "mean_x_calibration": 0.015517359103722378, "std_x_calibration": 0.0031063363423548497, "mean_fit_time": 22.68, "std_fit_time": 5.12, "mean_predict_time": 0.27, "std_predict_time": 0.06, "is_competing_risk": false, "n_events": 1, "n_rows": 6211, "n_cols": 14, "censoring_rate": 0.31975527290291417}